{
  "Blues": 35.31091772151899,
  "Classical": 2.470825952170062,
  "Country": 17.113880368098158,
  "Easy Listening": 116.23177083333333,
  "Electronic": 0.31811637586954045,
  "Experimental": 0.28605029737489746,
  "Folk": 1.1745526315789474,
  "Hip-Hop": 0.8367014097180564,
  "Instrumental": 1.3926922116824763,
  "International": 2.2209892515923566,
  "Jazz": 5.76355888429752,
  "Old-Time / Historic": 5.681390020366599,
  "Pop": 1.2481263982102908,
  "Rock": 0.23082850641290856,
  "Soul-RnB": 21.294370229007633,
  "Spoken": 8.636416408668731
}