{
  "Blues": 15.895833333333334,
  "Classical": 3.093243243243243,
  "Electronic": 0.3142504118616145,
  "Experimental": 33.661764705882355,
  "Folk": 1.0858633776091082,
  "Hip-Hop": 0.7364864864864865,
  "Instrumental": 4.8088235294117645,
  "International": 7.064814814814815,
  "Jazz": 2.8470149253731343,
  "Old-Time / Historic": 1.7553680981595092,
  "Pop": 2.0510752688172045,
  "Rock": 0.22908326661329062
}