model,accuracy,f1_macro
LogisticRegression,0.5266990291262136,0.39068408033638025
kNN,0.6874533233756535,0.517175278760404
SVM,0.6889469753547424,0.5224982448254525
RandomForest,0.8689320388349514,0.7342725965432904
