model,accuracy,f1_macro,train_time
LogisticRegression,0.5676038982860984,0.42167853656722115,1.6815040111541748
kNN,0.701467458272656,0.5425581407487028,0.01808309555053711
SVM,0.7432508121429372,0.5831790773664189,15.33124303817749
RandomForest,0.8824913184720511,0.7572669462668515,3.369096040725708
