model,accuracy,f1_macro,train_time
LogisticRegression,0.5676038982860984,0.42167853656722115,2.0144338607788086
kNN,0.701467458272656,0.5425581407487028,0.018002986907958984
SVM,0.7432508121429372,0.5831790773664189,15.70785903930664
RandomForest,0.8824913184720511,0.7572669462668515,3.3789608478546143