model,accuracy,f1_macro
LogisticRegression,0.566840926064227,0.42157815265628784
kNN,0.6994772218073189,0.5457327479098426
SVM,0.7271097834204631,0.5692518252764641
RandomForest,0.8757281553398059,0.7532610480650235
